Rank,learning_rate,batch_size,kernel_size,padding,num_epochs,optimizer,Train_Acc,Val_Acc,Test_Acc,Epochs,Params
1,0.001,128,5,1,30,adam,0.9183013904547163,0.9750964573833742,0.9708925127126073,21,1310822
2,0.0005,64,5,0,30,adam,0.9073656520105223,0.9747457032620134,0.9740487462738909,23,1310822
3,0.005,32,5,0,20,sgd,0.9697482149567832,0.9743949491406524,0.971418551639488,20,1310822
4,0.001,64,5,1,20,adam,0.8712514092446448,0.9729919326552087,0.9747501315097317,20,1310822
5,0.001,32,3,0,20,adam,0.9019917324314167,0.9726411785338478,0.9707171664036472,16,1310822
