{
    "model": "SimpleNN",
    "timestamp": "20251125_213552",
    "total_combinations": 72,
    "best_val_accuracy": 0.5156085584005612,
    "best_test_accuracy": 0.5037699456426442,
    "best_hyperparameters": {
        "learning_rate": 0.001,
        "batch_size": 128,
        "num_epochs": 30,
        "optimizer": "adam"
    },
    "top5_accuracies": [
        0.5156085584005612,
        0.5128025254296738,
        0.5122763942476324,
        0.5070150824272185,
        0.5042090494563312
    ]
}