Rank,learning_rate,batch_size,num_epochs,optimizer,Train_Acc,Val_Acc,Test_Acc,Epochs,Params
1,0.001,128,30,adam,0.7927470875610673,0.5156085584005612,0.5037699456426442,30,102790
2,0.001,64,30,adam,0.8236753100338219,0.5128025254296738,0.5102577590741715,30,102790
3,0.0005,32,30,adam,0.8022547914317926,0.5122763942476324,0.507101525512888,30,102790
4,0.0005,64,30,adam,0.7705373919579106,0.5070150824272185,0.5030685604068035,30,102790
5,0.0005,128,30,adam,0.7271326568959038,0.5042090494563312,0.5064001402770472,30,102790
