Rank,learning_rate,batch_size,hidden_sizes,dropout,num_epochs,optimizer,Train_Acc,Val_Acc,Test_Acc,Epochs,Params
1,0.001,64,"[256, 128]",0.1,30,adam,0.7505073280721534,0.7314977200982111,0.7269857969489742,30,730278
2,0.005,64,"[256, 128]",0.1,30,sgd,0.7484404359263435,0.7072956857243072,0.6922672277748554,30,730278
3,0.0005,32,"[512, 256, 128]",0.1,30,adam,0.7372040586245773,0.6995790950543669,0.6936699982465369,30,1554086
4,0.005,32,"[256, 128]",0.1,20,sgd,0.6922585494175122,0.694317783233953,0.680343678765562,20,730278
5,0.001,128,"[256, 128]",0.1,30,adam,0.7362645621946636,0.6923886355664679,0.6842012975626863,30,730278
